model,precision_macro,recall_macro,f1_macro,precision_weighted,recall_weighted,f1_weighted
Logistic Regression,0.8513940648723257,0.8579348579348579,0.8539354423023328,0.8546902691511388,0.855,0.8541646372518856
SVM,0.8477130977130978,0.8477130977130978,0.8477130977130978,0.85,0.85,0.85
Random Forest,0.8129805862200229,0.818087318087318,0.8152119570424436,0.8144084507042254,0.815,0.8144179825974862
